event_id,device_id,timestamp,longitude,latitude,city,state,gender,age,new_group,phone_brand,device_model
2765368,2973347786994914304,2016-05-07 22:52:05,77.22567599999998,28.73014,Delhi,Delhi,M,35,"(30, 40]",Youmi,UIMI3
1700164,14470491706123026,2016-05-07 22:42:50,94.131362,25.765812,Kohima,Nagaland,F,42,"(40, 50]",Huawei,荣耀7
1836426,3872521790238090752,2016-05-01 20:29:14,71.294802,21.661309,Amreli,Gujarat,M,20,"(10, 20]",Coolpad,8702
2319906,-49730763913378432,2016-05-01 10:31:53,80.317379,13.176652,Chennai,TamilNadu,M,31,"(30, 40]",Samsung,K860i
182668,8765877367300380672,2016-05-04 18:34:20,75.930756,22.802167,Indore,MadhyaPradesh,F,32,"(30, 40]",Samsung,Galaxy Grand 2
1282493,-20498131998947776,2016-05-06 12:44:06,86.66720500000002,26.202617,Supaul,Bihar,F,23,"(20, 30]",Xiaomi,MI 3
2053896,-6254526605737531,2016-05-02 14:28:02,77.29105799999998,28.714736,Delhi,Delhi,M,36,"(30, 40]",Samsung,Galaxy S6
1093848,-1180228997135426560,2016-05-07 15:08:54,83.336929,17.809973,Visakhapatnam,AndhraPradesh,F,35,"(30, 40]",Samsung,Galaxy Ace 2
2060215,27287788374990140,2016-05-07 19:39:47,80.360389,13.168106,Chennai,TamilNadu,M,26,"(20, 30]",Xiaomi,红米
2742349,-268295479157442720,2016-05-06 10:53:24,86.54131699999998,25.416015,Munger,Bihar,M,20,"(10, 20]",vivo,X5Max+
2120949,-4051268072190288384,2016-05-05 20:49:49,77.641865,13.033248,Bangalore,Karnataka,F,25,"(20, 30]",Xiaomi,MI 2
1876942,728578686467596544,2016-05-01 04:48:23,87.395537,22.42189500000001,Kharagpur,WestBengal,F,21,"(20, 30]",Samsung,Galaxy A5
1392728,3045621961539872768,2016-05-03 19:40:12,75.017945,28.057463,Fatehpur,Rajasthan,M,40,"(30, 40]",OPPO,U707T
2631989,-18413620249632024,2016-05-01 03:14:21,91.28895,23.87717300000001,Agartala,Tripura,M,20,"(10, 20]",Xiaomi,红米
36896,-27977898975666620,2016-05-05 08:36:06,77.37672599999998,28.243589,Palwal,Haryana,F,47,"(40, 50]",vivo,Y11IT
1492216,-6857195135381246,2016-05-02 01:30:56,72.849357,18.973144,Mumbai,Maharashtra,M,31,"(30, 40]",Samsung,Galaxy A7
938368,22403893394959604,2016-05-07 20:04:56,75.937352,22.770707,Indore,MadhyaPradesh,F,27,"(20, 30]",vivo,Y913
662615,-1715254815612633344,2016-05-06 12:35:37,85.20201,25.66568800000001,Phulwari,Bihar,M,24,"(20, 30]",Huawei,Mate 7
1371668,-15268716146291844,2016-05-02 14:22:26,75.946201,22.790444,Indore,MadhyaPradesh,M,24,"(20, 30]",OPPO,R821T
1809858,-454188019495185920,2016-05-06 19:51:42,72.89165,18.974597,Mumbai,Maharashtra,M,33,"(30, 40]",Meizu,PRO5
3049639,-1367859750822199552,2016-05-03 00:00:46,75.921014,22.749997,Indore,MadhyaPradesh,M,26,"(20, 30]",Coolpad,7295C
1779736,247071895376064608,2016-05-03 17:28:09,75.837197,26.982275,Jaipur,Rajasthan,M,21,"(20, 30]",HTC,One
3042253,489144457481159168,2016-05-05 01:06:07,77.62343,13.067912,Bangalore,Karnataka,F,25,"(20, 30]",Coolpad,大神F2
3118978,-1105687787495903104,2016-05-04 19:06:57,76.914361,13.76885,Sira,Karnataka,M,35,"(30, 40]",LeEco,超级手机1 Pro
2804345,671187700271966080,2016-05-04 13:06:56,77.078352,10.420043,Valparai,TamilNadu,M,32,"(30, 40]",Xiaomi,E3
3226773,99479029389286800,2016-05-03 08:38:10,72.85632299999997,19.05524,Mumbai,Maharashtra,M,41,"(40, 50]",Huawei,荣耀畅玩5X
2689934,489270407523089152,2016-05-04 01:04:15,77.307486,28.725134000000004,Delhi,Delhi,M,23,"(20, 30]",vivo,Y13L
1918641,-266249525016581504,2016-05-02 23:54:29,80.33546799999998,13.106138,Chennai,TamilNadu,F,35,"(30, 40]",Huawei,Mate 8
1293483,-1149999182907070464,2016-05-05 19:15:20,72.85134000000002,19.027604,Mumbai,Maharashtra,M,34,"(30, 40]",Samsung,G3818
1731754,2940446635257859,2016-05-02 21:27:01,77.747175,25.446868,Shivapuri,MadhyaPradesh,M,21,"(20, 30]",Xiaomi,红米note
1310323,-951773725286109184,2016-05-03 11:45:15,75.95711,22.743242,Indore,MadhyaPradesh,M,27,"(20, 30]",Samsung,Galaxy Grand DUOS
1607697,-164535170146438528,2016-05-05 12:23:04,78.45769200000002,27.227874,Firozabad,UttarPradesh,M,30,"(20, 30]",Meizu,魅蓝Note 2
1870683,-1328789920050419200,2016-05-01 07:00:39,78.908951,17.607547,Bhongir,AndhraPradesh,F,79,"(70, 80]",Coolpad,大神F2
2574360,11932936323971932,2016-05-01 07:53:29,77.230149,28.730801000000003,Delhi,Delhi,M,36,"(30, 40]",OPPO,R7
2978106,1161112711462272512,2016-05-01 17:11:18,80.285741,13.107005,Chennai,TamilNadu,F,44,"(40, 50]",Samsung,Galaxy Note 2
2638423,-822137105267997,2016-05-06 05:33:27,85.563804,26.685772,Sitamarhi,Bihar,F,28,"(20, 30]",酷比魔方,TALK 7X四核
910928,-967151454128511232,2016-05-04 20:13:28,72.84987,19.02751300000001,Mumbai,Maharashtra,F,50,"(40, 50]",Xiaomi,红米note
1371545,203614020819357920,2016-05-02 14:24:56,75.87469300000002,22.806684,Indore,MadhyaPradesh,M,57,"(50, 60]",Xiaomi,红米Note2
2369469,-27779971097986720,2016-05-04 15:01:08,72.90147099999999,19.045159,Mumbai,Maharashtra,M,31,"(30, 40]",vivo,Y22L
743082,5038733072524900,2016-05-06 18:04:30,77.25139499999997,28.721299,Delhi,Delhi,M,43,"(40, 50]",Coolpad,8730L
2352936,-2876036734607908,2016-05-04 19:21:47,88.458629,22.613523,Calcutta,WestBengal,F,45,"(40, 50]",Huawei,荣耀3C
387228,1045738054677517696,2016-05-01 21:34:51,77.24874299999998,28.720776,Delhi,Delhi,M,31,"(30, 40]",Meizu,MX5
3231528,-5900967777424086,2016-05-01 11:01:36,74.357556,29.631228000000004,Hanumangarh,Rajasthan,F,37,"(30, 40]",Xiaomi,红米note
763185,-2568866871668295,2016-05-01 09:31:59,88.41986299999998,22.66652,Calcutta,WestBengal,M,37,"(30, 40]",Xiaomi,红米
1542415,65770985477672264,2016-05-02 16:07:42,75.947327,22.787895,Indore,MadhyaPradesh,M,30,"(20, 30]",vivo,Y23L
1502764,-4496984528158017,2016-05-07 11:36:27,72.88949299999999,19.048552,Mumbai,Maharashtra,M,29,"(20, 30]",Huawei,荣耀6
2617413,10068398714301654,2016-05-04 15:32:10,77.29743599999998,28.702655,Delhi,Delhi,M,31,"(30, 40]",Samsung,Galaxy Note 3
874753,-137006235633337008,2016-05-03 15:17:35,77.222831,28.714417,Delhi,Delhi,M,47,"(40, 50]",OPPO,R7
1094985,3472942911939301,2016-05-06 16:43:44,73.88929399999998,18.561131,Pune,Maharashtra,M,24,"(20, 30]",Tianyu,Touch 2
1152081,-153238292866905120,2016-05-02 16:10:45,78.49306999999997,17.428779000000002,Hyderabad,Telangana,M,29,"(20, 30]",Samsung,Galaxy Trend 3
321867,5021105036186737,2016-05-07 21:48:32,77.22086599999999,28.725042,Delhi,Delhi,F,50,"(40, 50]",Huawei,荣耀6 Plus
1821586,-74059971287237408,2016-05-06 07:57:24,77.301035,28.713172,Delhi,Delhi,M,28,"(20, 30]",Samsung,Galaxy Note 3
1548628,-1364213210730105,2016-05-04 12:41:59,76.934556,14.755911,Rayadrug,AndhraPradesh,F,23,"(20, 30]",Huawei,Ascend P8
1322117,1138187655496362624,2016-05-06 21:37:50,78.59070799999998,17.467232,LalbahadurNagar,AndhraPradesh,F,30,"(20, 30]",OPPO,A53
2275012,-1870074800027757568,2016-05-03 22:11:46,80.586061,16.135120999999998,Ponnur,AndhraPradesh,F,26,"(20, 30]",Samsung,Galaxy Win
2941814,-32253783147801944,2016-05-02 12:06:04,74.304305,17.127412,UranIslampur,Maharashtra,M,39,"(30, 40]",vivo,S7I
73801,-23465704081810388,2016-05-02 07:20:45,77.382515,10.086939,Bodinayakkanur,TamilNadu,M,22,"(20, 30]",OPPO,R3
2392364,-16712168703027990,2016-05-07 09:40:07,93.693305,27.220364,Itanagar,ArunachalPradesh,M,30,"(20, 30]",Samsung,Galaxy S4
931919,7409327892797432,2016-05-02 16:55:51,77.27735,28.719447,Delhi,Delhi,M,33,"(30, 40]",LeEco,超级手机1
2270880,456613706964621,2016-05-03 18:26:54,77.594507,13.366088,DodBallapur,Karnataka,M,20,"(10, 20]",Huawei,荣耀畅玩4
3133661,-28492619212284472,2016-05-07 07:16:12,83.31573399999998,17.811331,Visakhapatnam,AndhraPradesh,F,40,"(30, 40]",Xiaomi,红米note
2276166,5212312893329729,2016-05-02 23:23:17,88.383117,22.605519,Calcutta,WestBengal,M,30,"(20, 30]",Huawei,荣耀6 Plus
1094443,1438236443386082048,2016-05-03 16:18:16,72.837595,18.994862,Mumbai,Maharashtra,M,25,"(20, 30]",Meizu,MX4 Pro
1213451,-127044993231687840,2016-05-02 22:09:22,80.729454,27.655146,Sitapur,UttarPradesh,M,42,"(40, 50]",OPPO,R811
225051,3438579031794104320,2016-05-07 11:04:39,77.603925,13.005744,Bangalore,Karnataka,F,25,"(20, 30]",Samsung,Galaxy Note 2
1365817,30456242384979664,2016-05-07 10:13:12,75.84398,26.982180000000003,Jaipur,Rajasthan,M,28,"(20, 30]",Huawei,荣耀畅玩4X
2538652,719229544334538496,2016-05-02 21:12:00,82.21526700000003,27.46417000000001,Balrampur,UttarPradesh,M,28,"(20, 30]",HTC,Desire HD
2454137,70646393776172816,2016-05-04 14:18:16,72.88967899999999,19.043364,Mumbai,Maharashtra,M,41,"(40, 50]",Samsung,Galaxy Note 4
1398665,358226278280897344,2016-05-01 16:59:05,75.252899,30.836256,Moga,Punjab,F,24,"(20, 30]",Xiaomi,MI 3
2903480,1337417927706056192,2016-05-04 09:53:06,75.91728,22.794318,Indore,MadhyaPradesh,F,49,"(40, 50]",Xiaomi,红米2
2397132,-1438495210756671488,2016-05-05 12:45:06,78.62444599999998,17.544241,Alwal,AndhraPradesh,M,27,"(20, 30]",Samsung,Galaxy S5
2071884,396602222988577664,2016-05-04 03:00:47,77.14533999999998,13.354271,Tumkur,Karnataka,F,42,"(40, 50]",Huawei,Ascend P8
1420506,-35544233360914140,2016-05-01 09:08:53,77.05536099999998,11.017761,Kurichi,TamilNadu,M,22,"(20, 30]",OPPO,R7
2888019,31977980132477852,2016-05-04 19:13:26,75.93565500000003,10.817131,Ponnani,Kerala,F,20,"(10, 20]",OPPO,R3
2762560,376220316287536256,2016-05-02 21:53:42,88.415146,22.658261,Calcutta,WestBengal,M,28,"(20, 30]",OPPO,R7
555342,-1462340347197089536,2016-05-05 16:22:10,77.27436800000002,28.70665300000001,Delhi,Delhi,M,49,"(40, 50]",HTC,Desire 816
1385747,-6886337938744197120,2016-05-02 09:58:19,72.84996199999998,18.970121,Mumbai,Maharashtra,F,23,"(20, 30]",Meizu,MX4
2145072,24691631289827220,2016-05-01 08:11:45,72.88210199999997,19.027528,Mumbai,Maharashtra,F,28,"(20, 30]",vivo,X5Pro
129256,-6537526913522525184,2016-05-01 11:07:50,77.001926,28.77745800000001,Bahadurgarh,Haryana,F,29,"(20, 30]",Samsung,S960
1005642,-7348731608769954816,2016-05-03 07:45:27,78.239038,11.72142,Salem,TamilNadu,M,40,"(30, 40]",Huawei,G7 Plus
943363,-2716781476240765952,2016-05-06 00:14:52,77.602627,13.054941,Bangalore,Karnataka,M,33,"(30, 40]",Xiaomi,红米1S
1639631,1079554537811589,2016-05-06 08:25:02,86.665353,26.217722,Supaul,Bihar,M,64,"(60, 70]",Huawei,C8813Q
1178844,-16274579780110456,2016-05-03 14:42:55,73.92591900000002,18.581989,Pune,Maharashtra,M,27,"(20, 30]",Samsung,Galaxy Core Prime
2365339,165132475381898272,2016-05-06 23:08:41,72.90773100000001,18.990689,Mumbai,Maharashtra,M,50,"(40, 50]",Samsung,Galaxy Note 2
1242584,-15757824106214834,2016-05-05 21:51:16,88.40621999999998,22.626918,Calcutta,WestBengal,M,34,"(30, 40]",vivo,X5SL
1089488,280156430165755264,2016-05-06 12:16:42,77.03106,29.436384000000004,Panipat,Haryana,M,30,"(20, 30]",Samsung,Galaxy S2
1061830,770600431727583744,2016-05-06 10:40:26,87.80514000000002,21.828305,Contai,WestBengal,F,21,"(20, 30]",Samsung,Galaxy S4
697085,171170060823245024,2016-05-03 23:21:24,77.63558,13.006084,Bangalore,Karnataka,M,31,"(30, 40]",Samsung,乐檬K3 Note
728833,236977955407185,2016-05-04 08:05:04,72.90256099999998,19.054907,Mumbai,Maharashtra,M,28,"(20, 30]",Samsung,Galaxy S4
1065751,-172861220171778816,2016-05-07 13:01:51,86.754986,24.538882,Devghar,Jharkhand,M,33,"(30, 40]",Nubia,Z5S Mini
3173510,-28593019217789940,2016-05-01 17:11:06,77.643704,13.063104,Bangalore,Karnataka,F,40,"(30, 40]",Samsung,Galaxy S6
2260489,-468366469305259072,2016-05-05 09:34:48,80.36281699999998,13.173924,Chennai,TamilNadu,M,43,"(40, 50]",Samsung,Galaxy Note 2
2627481,-1758943294156535040,2016-05-06 22:11:19,78.49956,25.763434,Datia,MadhyaPradesh,M,28,"(20, 30]",Xiaomi,红米3
2000823,-548549229804626560,2016-05-07 15:48:52,79.22026199999998,18.506788,Karimnagar,AndhraPradesh,M,41,"(40, 50]",OPPO,A33
1623345,-26393582122790144,2016-05-02 22:20:02,88.44309399999999,22.608837,Calcutta,WestBengal,M,31,"(30, 40]",Meizu,魅蓝metal
3134245,-776379185657270,2016-05-02 07:59:28,87.360187,23.568091,Durgapur,WestBengal,M,24,"(20, 30]",HTC,Sensation Z710E
2133640,-3255633678780918,2016-05-04 21:54:21,77.824467,23.605951,Vidisha,MadhyaPradesh,M,27,"(20, 30]",Xiaomi,红米note增强版
1682661,706659152373228672,2016-05-02 20:34:33,77.286305,28.75504,Delhi,Delhi,M,47,"(40, 50]",OPPO,R2010
2678808,-39272866465920704,2016-05-04 20:29:43,75.61836600000002,32.439865000000005,Kathua,JammuandKashmir,M,57,"(50, 60]",Meizu,魅蓝NOTE
2140407,-62802143198350344,2016-05-04 02:06:23,72.9156,19.008323,Mumbai,Maharashtra,M,24,"(20, 30]",Samsung,Galaxy Trend DUOS
3197732,-509541507573758016,2016-05-02 12:01:28,72.84044499999997,19.019585,Mumbai,Maharashtra,F,27,"(20, 30]",vivo,X5SL
2983417,-1116276721014859904,2016-05-02 22:28:03,69.67754799999999,21.72991,Porbandar,Gujarat,M,26,"(20, 30]",Xiaomi,红米Note2
2147538,-13713695764966852,2016-05-05 09:50:35,72.88384599999998,19.00917,Mumbai,Maharashtra,M,25,"(20, 30]",普耐尔,MOMO9
2039750,-3451787762860180480,2016-05-07 09:13:21,74.963796,24.537876,Nimach,MadhyaPradesh,M,28,"(20, 30]",Meizu,MX5
54973,419885172081269696,2016-05-01 19:04:08,78.136015,18.733161,Nizamabad,AndhraPradesh,M,23,"(20, 30]",Meizu,MX4 Pro
2767448,-800073961455076608,2016-05-03 00:41:35,73.905103,29.997099,Ganganagar,Rajasthan,M,32,"(30, 40]",OPPO,R7
175344,-533470285583613440,2016-05-04 12:55:59,75.9122,22.731945,Indore,MadhyaPradesh,F,38,"(30, 40]",Xiaomi,红米note
1749055,-3264766861537503,2016-05-04 14:48:34,72.856499,18.99716,Mumbai,Maharashtra,M,28,"(20, 30]",Xiaomi,S6
766818,51094347693182776,2016-05-06 11:07:26,77.23920899999997,28.721406,Delhi,Delhi,M,36,"(30, 40]",Xiaomi,MI 4
514505,-10916837702202496,2016-05-01 19:37:52,77.74765099999998,22.788127,Hoshangabad,MadhyaPradesh,F,23,"(20, 30]",Huawei,Ascend P6
2556158,-279317695185245376,2016-05-04 14:19:44,78.608026,17.546913,Sikandarabad,AndhraPradesh,M,28,"(20, 30]",Xiaomi,红米2
2940611,-4557803296121562112,2016-05-04 11:34:51,72.91795699999999,18.997876,Mumbai,Maharashtra,F,30,"(20, 30]",vivo,X5Pro
2664572,11709807658213056,2016-05-06 15:15:39,80.562952,28.113622,GolaGokarannath,UttarPradesh,M,29,"(20, 30]",Samsung,Galaxy Note 2
563967,303628037574308224,2016-05-02 23:54:18,75.915643,22.810867,Indore,MadhyaPradesh,M,24,"(20, 30]",Xiaomi,红米note
2681117,73794811718612800,2016-05-05 21:17:27,88.44726800000002,22.634299,Calcutta,WestBengal,F,21,"(20, 30]",OPPO,R7s
2489398,-245720156210362528,2016-05-05 21:13:07,88.41598499999998,22.583343,Calcutta,WestBengal,M,34,"(30, 40]",Samsung,Galaxy S4
2076962,413037858844444416,2016-05-03 09:50:52,75.84022399999998,26.960508,Jaipur,Rajasthan,F,26,"(20, 30]",Huawei,荣耀7
2497818,226579618488725024,2016-05-01 08:37:47,75.887711,26.990456,Jaipur,Rajasthan,F,40,"(30, 40]",Huawei,荣耀6
405769,419523816160703488,2016-05-03 08:24:02,75.899023,26.959949,Jaipur,Rajasthan,M,19,"(10, 20]",vivo,Xplay3S
1442057,-28985481781029024,2016-05-02 02:01:37,79.54173399999998,28.246058,Faridpur,UttarPradesh,F,41,"(40, 50]",Huawei,Ascend P6
729586,5257944039436167168,2016-05-07 08:15:49,74.801476,20.928312,Dhule,Maharashtra,F,26,"(20, 30]",Huawei,荣耀3X畅玩版
2932756,-852444086777364992,2016-05-05 06:06:26,72.830007,19.010811,Mumbai,Maharashtra,F,53,"(50, 60]",Samsung,A500
1956063,237767835584813856,2016-05-07 01:15:39,83.379038,17.790249,Visakhapatnam,AndhraPradesh,F,35,"(30, 40]",Samsung,Galaxy S4
2429159,-200977862164663392,2016-05-01 14:14:30,75.891763,22.74392000000001,Indore,MadhyaPradesh,F,22,"(20, 30]",Samsung,Galaxy Ace 3
2305099,8614548572474042368,2016-05-06 04:06:01,77.30511299999998,28.69804700000001,Delhi,Delhi,M,49,"(40, 50]",OPPO,R2017
418141,-1390304830684431616,2016-05-01 15:02:37,75.846789,26.987264000000003,Jaipur,Rajasthan,M,26,"(20, 30]",vivo,X5SL
1410577,4373802618472146,2016-05-03 21:43:07,80.298468,13.080917,Nerkunram,TamilNadu,M,23,"(20, 30]",OPPO,R7
271076,127432819487013968,2016-05-03 07:37:31,73.139842,21.172943,Bardoli,Gujarat,F,28,"(20, 30]",Xiaomi,红米note
2764984,-8239378295880576000,2016-05-05 22:29:07,88.184697,22.496087,Pujali,WestBengal,M,26,"(20, 30]",Samsung,Galaxy A5
2728863,-18841358946420116,2016-05-06 14:15:34,75.86479399999997,26.96379300000001,Jaipur,Rajasthan,F,30,"(20, 30]",Xiaomi,MI 3
1690855,-4598492899548979,2016-05-04 23:17:49,72.90422199999998,19.012112,Mumbai,Maharashtra,M,23,"(20, 30]",vivo,Xperia Z2
1166974,5811642035826809,2016-05-05 01:19:40,72.90768,18.984758,Mumbai,Maharashtra,M,37,"(30, 40]",Meizu,MX2
3080267,-422412802577587520,2016-05-06 22:16:01,78.552063,17.453049,Hyderabad,Telangana,F,22,"(20, 30]",Meizu,魅蓝Note 2
1814206,2212221816757788672,2016-05-07 22:26:49,87.750916,22.700336,Ghatal,WestBengal,M,33,"(30, 40]",vivo,Y628
2148094,666270171777969280,2016-05-07 09:47:03,75.89107800000002,22.768653,Indore,MadhyaPradesh,M,20,"(10, 20]",Samsung,Galaxy S4
231255,-2100948313979902208,2016-05-05 17:09:58,77.031554,10.764882,Pollachi,TamilNadu,F,43,"(40, 50]",Samsung,S60t
3180115,-333661782897496896,2016-05-03 19:13:01,78.14106000000002,9.551846,Aruppukkottai,TamilNadu,F,24,"(20, 30]",Samsung,A788t
263673,-537512781653570752,2016-05-06 21:08:30,72.762445,20.057189,Dahanu,Maharashtra,M,27,"(20, 30]",Huawei,荣耀4A
1864906,-2990948223816274,2016-05-06 22:17:45,88.424996,22.608716,Calcutta,WestBengal,M,31,"(30, 40]",Samsung,Galaxy Trend 3
2421959,-5372984193028001,2016-05-06 09:42:57,72.43693499999998,23.969764,Siddhapur,Gujarat,M,20,"(10, 20]",OPPO,R7 Plus
2105194,70239509144840264,2016-05-05 08:06:17,80.540122,26.582177,Unnao,UttarPradesh,M,30,"(20, 30]",波导,L9
2221641,-4593843222456677,2016-05-05 21:06:09,88.00743,26.154415,Kishanganj,Bihar,F,36,"(30, 40]",Samsung,Galaxy Note 3
815747,991251404498255744,2016-05-01 12:32:22,73.899939,18.582829,Pune,Maharashtra,M,24,"(20, 30]",Xiaomi,E7
1424484,1910762255583389952,2016-05-01 12:49:44,79.5127,19.073155,Belampalli,AndhraPradesh,M,35,"(30, 40]",Meizu,MX2
859478,732362655712587264,2016-05-05 18:04:02,75.89810200000002,26.981071000000004,Jaipur,Rajasthan,M,27,"(20, 30]",Coolpad,9190l
408717,19142393772863132,2016-05-05 10:29:56,75.850319,27.003850000000003,Jaipur,Rajasthan,M,22,"(20, 30]",Meizu,MX2
759021,202707422679230848,2016-05-03 03:03:34,77.489192,27.839851,KosiKalan,UttarPradesh,F,51,"(50, 60]",Samsung,Galaxy S4 Zoom
2557945,-89590869876799408,2016-05-06 15:06:01,76.17831600000002,24.687205,Jhalawar,Rajasthan,F,24,"(20, 30]",Meizu,MX5
939521,-5451949353613852672,2016-05-06 21:21:56,77.229586,28.685333,Delhi,Delhi,F,26,"(20, 30]",Samsung,Galaxy Core Lite
821757,-9086137694774886400,2016-05-06 15:59:48,75.09673799999999,24.108457,Mandsaur,MadhyaPradesh,M,36,"(30, 40]",Samsung,Galaxy S5
2747599,-2309179041716302,2016-05-04 12:41:18,80.143569,27.509541,Hardoi,UttarPradesh,F,20,"(10, 20]",Huawei,Ascend G7
1075719,-30847655223311148,2016-05-07 22:39:59,75.89890600000003,30.608495,MalerKotla,Punjab,M,30,"(20, 30]",vivo,Y928
55786,76368624506519920,2016-05-06 18:57:43,86.635746,25.97546,Saharsa,Bihar,F,30,"(20, 30]",Samsung,Galaxy Win
3045226,-1112782029313838720,2016-05-06 06:03:03,79.909801,10.94968,Karaikal,Pondicherry,F,47,"(40, 50]",Samsung,Galaxy S5
1299784,-136282184772490960,2016-05-03 23:56:34,76.99762899999998,10.996744,Kurichi,TamilNadu,M,34,"(30, 40]",Huawei,荣耀畅玩4
469558,700156737670276608,2016-05-03 18:58:02,79.20311,18.491825,Karimnagar,AndhraPradesh,M,32,"(30, 40]",Xiaomi,MI 4
642941,8492297012485123,2016-05-05 19:17:54,83.310946,17.753248000000006,Visakhapatnam,AndhraPradesh,M,27,"(20, 30]",Xiaomi,note顶配版
930455,1875746718602196736,2016-05-01 15:42:46,77.59503199999997,13.019147,Bangalore,Karnataka,M,23,"(20, 30]",Samsung,Galaxy S3 Neo+
1154878,26488098206550164,2016-05-06 17:30:27,72.850652,18.997404,Mumbai,Maharashtra,M,27,"(20, 30]",HTC,Desire 816
2028615,-2891492023440412672,2016-05-07 16:31:19,77.636718,13.050909,Bangalore,Karnataka,M,40,"(30, 40]",LeEco,超级手机1s
1528288,-2385668677718319,2016-05-05 21:18:47,77.302714,28.694918,Delhi,Delhi,F,26,"(20, 30]",Xiaomi,MI 4
1627813,2111248373247544064,2016-05-05 01:17:09,78.54416599999998,17.496648,Sikandarabad,AndhraPradesh,M,26,"(20, 30]",Meizu,MX4
1812931,-2172641233597455872,2016-05-07 21:47:12,75.88427,22.799558,Indore,MadhyaPradesh,M,28,"(20, 30]",Huawei,荣耀3C
552617,-4871454957814644,2016-05-04 14:03:27,75.88079,22.79534,Indore,MadhyaPradesh,M,39,"(30, 40]",Xiaomi,红米
335431,-150345202253366112,2016-05-03 01:00:31,77.60904500000002,12.99903,Bangalore,Karnataka,M,23,"(20, 30]",Xiaomi,红米
2885853,-34779641846092840,2016-05-06 17:56:38,83.37774499999998,17.759207,Visakhapatnam,AndhraPradesh,F,38,"(30, 40]",OPPO,R6007
3078973,-6552729385743211,2016-05-07 21:41:38,78.487472,17.338946999999994,Rajendranagar,AndhraPradesh,M,28,"(20, 30]",vivo,X3T
3099417,69137287052145104,2016-05-01 13:19:39,77.583315,13.000586,Bangalore,Karnataka,F,34,"(30, 40]",Xiaomi,红米note
369013,-6822846597800440832,2016-05-02 23:19:24,88.397726,22.605248,Calcutta,WestBengal,M,26,"(20, 30]",Xiaomi,MI 3
2240531,-372294427842896576,2016-05-04 15:35:07,72.840848,19.019013,Mumbai,Maharashtra,M,65,"(60, 70]",LeEco,超级手机1s
2093373,2267531902883473,2016-05-07 21:26:28,75.819181,26.952797,Jaipur,Rajasthan,F,20,"(10, 20]",Xiaomi,红米note
222322,-349261232872509632,2016-05-01 10:13:22,88.42473000000004,22.638871,Calcutta,WestBengal,M,29,"(20, 30]",Xiaomi,note顶配版
2124676,-715643433088025216,2016-05-05 23:24:04,78.53652000000002,17.467964000000002,Hyderabad,Telangana,M,34,"(30, 40]",OPPO,R1S
1980748,67374767746444376,2016-05-05 22:37:50,74.519307,30.273474,Malaut,Punjab,F,25,"(20, 30]",Xiaomi,红米note
561692,-5960577925261944832,2016-05-03 21:20:17,75.952169,22.746819,Indore,MadhyaPradesh,M,27,"(20, 30]",Samsung,Galaxy Grand Prime
1437515,105387424403700736,2016-05-07 21:05:53,79.126138,13.255346,Chittur,AndhraPradesh,M,39,"(30, 40]",Xiaomi,MI One Plus
2219894,-49245218028184240,2016-05-04 20:46:05,75.287918,12.851041,Puttur,Karnataka,M,35,"(30, 40]",Xiaomi,MI 2S
781544,-1960592560583637760,2016-05-02 00:27:33,78.570227,17.438872999999994,Hyderabad,Telangana,M,63,"(60, 70]",Huawei,荣耀4A
68747,15335113454814580,2016-05-06 05:47:59,79.17324099999998,10.837001,Thanjavur,TamilNadu,F,26,"(20, 30]",Samsung,Galaxy S3
1471583,-15074501141395460,2016-05-05 08:40:22,81.414423,21.226964,Bhilai,Chhattisgarh,M,34,"(30, 40]",Xiaomi,红米note
2068266,253204182511447424,2016-05-05 12:50:31,73.392101,18.815172,Khopoli,Maharashtra,F,40,"(30, 40]",OPPO,R1S
3246808,-3003842347397147136,2016-05-04 20:48:42,85.46767600000003,23.704229,Saunda,Jharkhand,F,27,"(20, 30]",Samsung,Galaxy S6 Edge+
1543195,-4305059028914264064,2016-05-06 16:33:56,75.096649,21.118441,Amalner,Maharashtra,F,29,"(20, 30]",Samsung,Galaxy Win Pro
3160971,-655723219047238272,2016-05-02 22:06:16,79.16964300000002,13.016346,Velluru,TamilNadu,M,44,"(40, 50]",OPPO,Find 7
2327839,-10921209505243262,2016-05-02 12:12:18,77.369649,8.978064000000002,Tenkasi,TamilNadu,M,23,"(20, 30]",Huawei,B199
597220,-22504238588335712,2016-05-01 08:03:14,72.833405,19.020057,Mumbai,Maharashtra,M,37,"(30, 40]",Samsung,Galaxy Win
3161413,5766766555788121,2016-05-03 22:23:36,87.01869500000002,25.302311000000003,Bhagalpur,Bihar,M,45,"(40, 50]",Samsung,Galaxy Note 2
428447,-440937049147632448,2016-05-02 19:55:48,74.59020100000002,18.204352,Baramati,Maharashtra,M,42,"(40, 50]",Coolpad,8721
2866684,-9869566168812668,2016-05-01 23:11:22,85.06654,24.891077,Gaya,Bihar,M,42,"(40, 50]",Xiaomi,MI 3
3071714,198590848899735136,2016-05-05 17:11:50,88.395612,22.636272,Calcutta,WestBengal,M,25,"(20, 30]",one plus,One
1585728,-5110929110961715200,2016-05-06 17:36:54,78.50537,17.472023999999998,Hyderabad,Telangana,F,27,"(20, 30]",美图,M4
2841020,41160829119269784,2016-05-07 22:03:49,72.869187,19.03346100000001,Mumbai,Maharashtra,F,31,"(30, 40]",vivo,Y27
2669419,-6755244774418655,2016-05-02 18:03:12,75.841352,11.300097,Kozhikkod,Kerala,F,23,"(20, 30]",Samsung,Galaxy Note 2
2228638,5600365202567163904,2016-05-06 06:27:16,78.237077,12.576466,Krishnagiri,TamilNadu,M,59,"(50, 60]",Coolpad,大神F1
1093697,-207934154262067872,2016-05-06 15:41:31,88.431063,22.616353,Calcutta,WestBengal,F,29,"(20, 30]",Coolpad,大神F2
1106268,4407746654267729,2016-05-02 00:34:01,72.859096,19.031783,Mumbai,Maharashtra,M,24,"(20, 30]",Samsung,Galaxy S4
1852527,5125965599235270656,2016-05-03 12:21:35,77.67197900000002,13.112314,Yelahanka,Karnataka,M,21,"(20, 30]",Samsung,S7568
3177656,-2775038824772341760,2016-05-03 18:47:28,88.43369100000002,22.63001,Calcutta,WestBengal,F,30,"(20, 30]",Xiaomi,MI pad
1270540,-13061170827062790,2016-05-07 03:51:12,78.550112,17.421062,Hyderabad,Telangana,M,31,"(30, 40]",OPPO,R3
2400649,50185724001808136,2016-05-05 14:07:26,74.797754,19.161054,Ahmadnagar,Maharashtra,F,29,"(20, 30]",Xiaomi,红米
1211027,-132445095590740272,2016-05-04 20:23:36,78.545817,17.418232,Hyderabad,Telangana,M,28,"(20, 30]",Samsung,Galaxy S2
318241,-295437681750492352,2016-05-01 20:04:53,76.22030600000002,10.561827,Thrissur,Kerala,M,20,"(10, 20]",Xiaomi,ELIFE S5.5
491743,-439940137878875456,2016-05-07 02:13:57,80.36785499999998,13.1741,Chennai,TamilNadu,F,25,"(20, 30]",vivo,Y23L
993820,282329647293237376,2016-05-04 18:38:48,78.51575100000002,17.48043,Hyderabad,Telangana,F,35,"(30, 40]",Xiaomi,红米note
2741123,-2277903290372857600,2016-05-03 19:09:25,77.588068,13.013832,Bangalore,Karnataka,M,34,"(30, 40]",Samsung,K80
3040744,7033352491531565,2016-05-01 00:44:43,77.599907,13.026864,Bangalore,Karnataka,F,45,"(40, 50]",Samsung,Galaxy Mega Plus
1361989,478923537162361408,2016-05-05 07:58:45,75.991348,29.732545,Tohana,Haryana,M,23,"(20, 30]",Huawei,荣耀6
1440254,-23423773003379436,2016-05-07 23:04:38,86.311201,24.950938,Jamui,Bihar,M,52,"(50, 60]",Huawei,荣耀3X畅玩版
2535163,38630124769588888,2016-05-04 22:37:37,77.601329,13.021293,Bangalore,Karnataka,M,32,"(30, 40]",Xiaomi,MI 3
1947920,-1447736210516481792,2016-05-06 21:13:29,88.41445,22.642348,Calcutta,WestBengal,M,31,"(30, 40]",vivo,Y13iL
303488,-81540237827923632,2016-05-06 10:45:26,77.29312499999997,28.739023000000003,Delhi,Delhi,F,36,"(30, 40]",vivo,X5M
1855117,-330528020479569088,2016-05-04 14:14:49,77.62139,13.029946,Bangalore,Karnataka,F,65,"(60, 70]",Huawei,Ascend P7
523311,18150922539816152,2016-05-03 18:04:46,78.79294499999997,26.666756,Bhind,MadhyaPradesh,M,25,"(20, 30]",Samsung,Galaxy S3
2588601,-2085896924006364672,2016-05-02 16:09:44,75.859352,26.985873,Jaipur,Rajasthan,M,27,"(20, 30]",Xiaomi,MI 2S
767024,46544579337530584,2016-05-01 12:38:34,88.451657,22.648584,Calcutta,WestBengal,M,30,"(20, 30]",Xiaomi,MI 1S
852281,4435490605160234496,2016-05-06 16:21:25,75.87277399999998,26.968204,Jaipur,Rajasthan,M,29,"(20, 30]",Xiaomi,红米note
3144025,300930182267191424,2016-05-06 16:04:16,70.663832,21.799351,Jetpur,Gujarat,M,24,"(20, 30]",Samsung,Galaxy Note 3
2875034,-33330392351718888,2016-05-04 09:26:35,75.188573,33.749655999999995,Anantnag,JammuandKashmir,M,26,"(20, 30]",Samsung,Galaxy S4
170226,-1183841080398208256,2016-05-05 23:47:42,80.02744399999997,17.044614000000006,Kodar,AndhraPradesh,M,44,"(40, 50]",宝捷讯,JX8166
1880800,115652346895740736,2016-05-04 06:13:58,88.459079,23.256959,Kalna,WestBengal,F,35,"(30, 40]",Samsung,乐檬K3
462777,-118881457716080448,2016-05-01 23:28:18,70.514309,21.753957,Dhoraji,Gujarat,M,29,"(20, 30]",Xiaomi,MI 4
1175896,-5572257337051243,2016-05-03 11:01:10,77.624849,12.983841,Bangalore,Karnataka,F,27,"(20, 30]",Samsung,Galaxy Note 3
862956,4690496365934989312,2016-05-02 09:20:21,77.596414,13.065839,Bangalore,Karnataka,M,19,"(10, 20]",Huawei,荣耀6
2587083,4726323055795270656,2016-05-01 15:15:53,72.856966,19.058393,Mumbai,Maharashtra,M,35,"(30, 40]",Samsung,Galaxy Grand Neo Plus
2594747,-6262108971636228096,2016-05-04 19:24:18,78.55574800000002,17.416697,Hyderabad,Telangana,F,33,"(30, 40]",LeEco,超级手机1
1687631,319498713854105024,2016-05-02 16:46:11,88.45451700000002,22.622617,Calcutta,WestBengal,M,23,"(20, 30]",Xiaomi,MI 1S
1768569,-19206044220299424,2016-05-06 09:18:51,77.57424,13.052378,Bangalore,Karnataka,M,31,"(30, 40]",Coolpad,F2
747762,2953448388427251200,2016-05-06 21:46:01,83.03527199999998,25.414019,Varanasi,UttarPradesh,F,23,"(20, 30]",Samsung,乐檬K3
2196300,-4608837671295138304,2016-05-07 21:47:34,78.511055,17.491065,Hyderabad,Telangana,M,28,"(20, 30]",Samsung,A708t
2814996,-1968110931065818368,2016-05-06 21:14:43,78.18368000000002,28.430634,Jahangirabad,UttarPradesh,M,25,"(20, 30]",OPPO,R831S
2371721,34251194677540124,2016-05-01 17:45:53,77.776861,29.088915000000004,Mirat,UttarPradesh,F,44,"(40, 50]",Huawei,荣耀畅玩4X
1041237,-1531639076514616064,2016-05-03 15:25:45,82.21298200000003,17.105757999999998,Samalkot,AndhraPradesh,M,32,"(30, 40]",Huawei,Y600-U00
2516880,-22081230632071640,2016-05-01 14:52:02,75.866871,26.940566,Jaipur,Rajasthan,M,24,"(20, 30]",Samsung,乐檬K3
960610,-8082310756943269888,2016-05-02 15:23:56,83.450629,21.955042,Raigarh,Chhattisgarh,F,29,"(20, 30]",Samsung,Galaxy Core Max
3227764,-4381972129415342,2016-05-07 08:28:26,80.198939,13.085361,Pallavaram,TamilNadu,M,24,"(20, 30]",Huawei,G610T
2662561,-31741542980781836,2016-05-06 14:14:57,81.77383400000002,16.477484999999998,Narasapur,AndhraPradesh,M,31,"(30, 40]",Huawei,Ascend P6
2046891,199241831608824224,2016-05-05 08:29:35,82.613618,18.889229,Jaypur,Orissa,M,36,"(30, 40]",Samsung,A320t
1233564,-290955718937342,2016-05-06 17:07:05,88.39366,22.609879,Calcutta,WestBengal,M,45,"(40, 50]",Samsung,A678t
3192759,-6987683152825327616,2016-05-04 09:48:46,73.862852,18.620153,Pune,Maharashtra,M,28,"(20, 30]",Huawei,Mate 8
216444,-4889920448730311,2016-05-07 03:24:11,85.93482900000002,20.315466,Bhubaneswar,Orissa,M,10,"(0, 10]",Xiaomi,红米
1396133,-1329377740753090048,2016-05-06 15:30:01,74.892043,14.665445000000002,Sirsi,Karnataka,F,43,"(40, 50]",Xiaomi,红米2A
1437048,-62244582658726264,2016-05-05 21:28:29,78.804098,12.834382000000002,Ambur,TamilNadu,M,34,"(30, 40]",Xiaomi,MI 3
1839772,-26174771310609248,2016-05-04 22:18:38,77.625912,13.012461,Bangalore,Karnataka,M,24,"(20, 30]",Meizu,MX3
1700776,-8358874799538845,2016-05-05 22:59:57,78.176022,12.20661,Dharmapuri,TamilNadu,F,60,"(50, 60]",vivo,Y27
3099598,-594711597881402752,2016-05-02 13:23:20,82.23372800000001,17.139592,Samalkot,AndhraPradesh,M,41,"(40, 50]",Coolpad,F2
1058343,8370968950767726592,2016-05-05 08:33:17,88.114373,23.962112,Kandi,WestBengal,M,20,"(10, 20]",OPPO,R811
2328638,-24096626028753480,2016-05-03 12:48:08,78.543127,17.493394,Hyderabad,Telangana,M,37,"(30, 40]",Xiaomi,红米note
1780568,-4431161036401870,2016-05-07 17:36:34,86.786052,22.019532,Baripada,Orissa,M,41,"(40, 50]",OPPO,A31
609412,35661017933917548,2016-05-03 16:58:43,88.43758000000004,22.632748,Calcutta,WestBengal,F,32,"(30, 40]",Coolpad,F2
825755,-13691313121870226,2016-05-02 20:38:58,77.606202,13.010638,Bangalore,Karnataka,M,31,"(30, 40]",HTC,One M8
2841769,-126811151667286704,2016-05-05 23:27:40,80.34563,13.102865,Chennai,TamilNadu,F,30,"(20, 30]",Xiaomi,红米2A
144564,-3436684977473229824,2016-05-04 20:34:33,72.84795199999998,18.97890300000001,Mumbai,Maharashtra,M,34,"(30, 40]",Meizu,MX4
2298536,-1182611567903602176,2016-05-07 20:44:27,72.85691999999997,18.994798,Mumbai,Maharashtra,M,30,"(20, 30]",OPPO,R3
2630223,180168660471101568,2016-05-06 00:29:21,82.72568700000002,26.599128000000004,Tanda,UttarPradesh,F,18,"(10, 20]",Xiaomi,红米note
2898788,354355258166647488,2016-05-03 06:07:04,88.45636999999998,22.66452,Calcutta,WestBengal,M,27,"(20, 30]",LeEco,超级手机1s
2889319,2263742067772898304,2016-05-03 20:53:47,79.317228,19.992531,Chandrapur,Maharashtra,M,46,"(40, 50]",OPPO,N1T
2901002,5779285848774689,2016-05-07 07:15:48,76.990864,13.82915,Sira,Karnataka,F,23,"(20, 30]",Xiaomi,MI 3
1429454,-228502164712905472,2016-05-02 16:21:55,78.534355,17.423043,Hyderabad,Telangana,F,41,"(40, 50]",Xiaomi,红米1S
100181,-2269702253093690624,2016-05-05 13:26:59,88.381672,22.645306,Calcutta,WestBengal,F,29,"(20, 30]",Samsung,Galaxy Trend DUOS
175948,67262388899965248,2016-05-07 12:36:35,88.40626400000002,22.666834,Calcutta,WestBengal,M,26,"(20, 30]",Huawei,荣耀畅玩4
2697652,222740959161491776,2016-05-02 11:03:06,74.94241600000002,31.715439,Amritsar,Punjab,M,32,"(30, 40]",Xiaomi,MI 2S
1526485,-1685004362372931,2016-05-03 20:29:44,76.923949,30.713434000000003,Panchkula,Haryana,M,51,"(50, 60]",Huawei,荣耀6
1233990,-968662067320091264,2016-05-02 18:25:17,85.41103299999997,24.03094,Hazaribag,Jharkhand,M,26,"(20, 30]",Huawei,荣耀3X畅玩版
1384616,-18969145338053044,2016-05-06 08:59:10,77.28495,28.756544,Delhi,Delhi,M,32,"(30, 40]",China Mobile,A1
3231959,29487598347576048,2016-05-03 11:35:14,77.66311400000002,14.7868,Anantapur,AndhraPradesh,F,26,"(20, 30]",OPPO,N1 Mini
1507351,3958030703716388352,2016-05-04 06:16:46,72.84429300000002,18.98095,Mumbai,Maharashtra,M,31,"(30, 40]",vivo,X5Max
1833919,128817266370999808,2016-05-03 18:36:53,88.383535,22.630769,Calcutta,WestBengal,M,24,"(20, 30]",Meizu,MX4 Pro
54471,33754462094964280,2016-05-06 18:45:44,72.906089,18.971306,Mumbai,Maharashtra,F,49,"(40, 50]",Xiaomi,MI 3
2597274,3950345700644909,2016-05-01 21:20:00,72.840598,19.034147,Mumbai,Maharashtra,M,30,"(20, 30]",OPPO,R3
3163485,-17894121142568216,2016-05-07 22:26:52,77.739789,11.46318,Virappanchatram,TamilNadu,F,39,"(30, 40]",Xiaomi,红米
17715,225543568977312064,2016-05-04 16:53:22,75.887739,26.950218000000003,Jaipur,Rajasthan,F,28,"(20, 30]",Meizu,魅蓝NOTE
2116108,22243717833767680,2016-05-06 16:50:08,93.459795,25.885334,Diphu,Assam,M,33,"(30, 40]",Huawei,G610T
2867260,2600708333914147328,2016-05-07 23:12:39,88.40439599999998,22.587805,Calcutta,WestBengal,M,47,"(40, 50]",Nubia,Z9 mini
3129686,7121472058287854,2016-05-02 02:13:26,88.459745,22.611418,Calcutta,WestBengal,M,31,"(30, 40]",亿通,P2
2363256,3366457370437155328,2016-05-06 22:37:04,80.701047,17.591186999999998,Kottagudem,AndhraPradesh,M,29,"(20, 30]",Xiaomi,MI 3
1924032,6585190730977862656,2016-05-02 07:33:18,78.469854,26.470796000000004,Gohad,MadhyaPradesh,M,23,"(20, 30]",Huawei,荣耀6
2164202,739201708484895,2016-05-04 19:48:22,80.310259,13.106385,Chennai,TamilNadu,M,22,"(20, 30]",Samsung,Galaxy Win
2959398,-2486376705502321152,2016-05-03 22:29:57,80.31115299999998,13.176832999999998,Chennai,TamilNadu,F,32,"(30, 40]",OPPO,U707T
2015739,75282010572130384,2016-05-07 06:13:33,88.449577,22.595452,Calcutta,WestBengal,M,31,"(30, 40]",Meizu,魅蓝
1720009,-525255364872962240,2016-05-01 15:46:49,85.060091,25.26429,Jahanabad,Bihar,F,20,"(10, 20]",Samsung,Galaxy Note 2
614901,103284860177073456,2016-05-06 21:34:42,77.97421800000002,29.155417,Mawana,UttarPradesh,M,36,"(30, 40]",OPPO,R7 Plus
744953,17787053144209852,2016-05-04 18:16:01,80.27526300000002,13.09055,Alandur,TamilNadu,F,29,"(20, 30]",Samsung,Galaxy Note 2
22609,333494090404734400,2016-05-06 19:33:52,78.56195699999998,19.741445,Adilabad,AndhraPradesh,M,34,"(30, 40]",Xiaomi,红米Note2
1034954,-4647981010574665728,2016-05-02 09:58:57,77.849358,16.275593,Gadwal,AndhraPradesh,M,33,"(30, 40]",OPPO,R7 Plus
1040427,-43571653433528424,2016-05-05 14:47:26,85.922589,23.775209,Phusro,Jharkhand,M,24,"(20, 30]",Xiaomi,MI 3
3077350,22980741484735312,2016-05-01 20:58:28,78.56654499999998,17.440412,Hyderabad,Telangana,M,30,"(20, 30]",Samsung,Galaxy S6 Edge
2259643,2193570842774801,2016-05-07 07:57:53,77.640524,13.047718,Bangalore,Karnataka,M,34,"(30, 40]",vivo,X6 D
13343,567999003795935232,2016-05-03 13:48:30,75.918584,22.804291,Indore,MadhyaPradesh,F,19,"(10, 20]",Samsung,W2014
2362054,86545072308515168,2016-05-04 22:28:22,75.64041599999999,21.90598,Khargone,MadhyaPradesh,F,14,"(10, 20]",vivo,Y11
2992071,12221519991419858,2016-05-03 08:32:21,88.44698600000002,22.916982,Chandannagar,WestBengal,M,23,"(20, 30]",Coolpad,大神F1
2519410,16479721132050512,2016-05-05 13:52:06,84.187234,27.177623,Bagaha,Bihar,F,41,"(40, 50]",Nubia,Z7 Mini
1098675,7767456588557579,2016-05-03 19:28:36,88.44488100000002,22.666644,Calcutta,WestBengal,M,18,"(10, 20]",vivo,Y33
758908,-34124563593268220,2016-05-02 03:22:20,74.818561,30.600776,KotKapura,Punjab,F,67,"(60, 70]",Samsung,Galaxy Ace 3
1528382,-1631149353539814912,2016-05-05 21:41:06,88.67546899999998,22.858492,AshoknagarKalyangarh,WestBengal,M,44,"(40, 50]",Xiaomi,红米note增强版
1976872,-12554429944757040,2016-05-07 19:10:17,79.794985,12.855066,Kanchipuram,TamilNadu,M,30,"(20, 30]",Huawei,Mate 8
1581098,-482312485058168192,2016-05-05 13:13:42,72.87057399999998,21.234193,Surat,Gujarat,M,27,"(20, 30]",Xiaomi,红米2
1487103,-635527624767333376,2016-05-06 20:15:20,78.524405,17.429869,Hyderabad,Telangana,M,27,"(20, 30]",Xiaomi,红米Note3
1439637,-16020221925412892,2016-05-03 23:11:29,73.866551,15.548266,Panaji,Goa,M,22,"(20, 30]",vivo,Y29L
1633625,-6394457754867421,2016-05-06 07:26:21,77.032212,10.71767,Pollachi,TamilNadu,M,22,"(20, 30]",Meizu,MX3
1513453,-122656426897450,2016-05-02 16:18:13,75.61934199999997,32.421465999999995,Kathua,JammuandKashmir,M,27,"(20, 30]",Samsung,Galaxy A7
2368480,13745957478166194,2016-05-06 14:00:08,76.744504,14.391157000000002,Challakere,Karnataka,M,23,"(20, 30]",Xiaomi,红米2
820976,7420801288553018368,2016-05-01 15:57:02,80.058825,20.211081,Gadchiroli,Maharashtra,M,50,"(40, 50]",Lenovo,A880
1183695,248228453883119456,2016-05-03 18:38:04,78.136365,28.472731000000003,Jahangirabad,UttarPradesh,F,28,"(20, 30]",Samsung,Galaxy Note 3
1978109,47577110070012520,2016-05-06 20:31:59,77.6587,13.059957,Bangalore,Karnataka,M,31,"(30, 40]",Huawei,荣耀畅玩5X
2190002,-4319628697496979,2016-05-03 17:34:59,78.535054,17.444739000000002,Hyderabad,Telangana,M,29,"(20, 30]",China Mobile,A1
1197370,9409945007238010,2016-05-07 08:19:17,76.265348,20.921171,Malkapur,Maharashtra,F,24,"(20, 30]",vivo,Xplay3S
2954659,3235090868935169536,2016-05-06 19:27:55,88.41198299999998,22.620992,Calcutta,WestBengal,M,30,"(20, 30]",Meizu,魅蓝2
517709,-527769990255049024,2016-05-04 14:36:30,74.043769,17.788899,Satara,Maharashtra,M,30,"(20, 30]",Huawei,荣耀3X畅玩版
2209858,-2322682944237001,2016-05-04 12:22:38,77.77758,22.717193,Itarsi,MadhyaPradesh,M,23,"(20, 30]",OPPO,R1
1636375,-11459556552101840,2016-05-04 06:03:02,76.531216,25.190418,Baran,Rajasthan,M,23,"(20, 30]",OPPO,R5
1767691,1411720081648492032,2016-05-02 09:16:07,78.87490199999998,9.446648,Ramanathapuram,TamilNadu,M,23,"(20, 30]",Samsung,乐檬K3
2920842,50607970264380816,2016-05-01 20:05:44,74.56735900000002,19.963602,Kopargaon,Maharashtra,M,30,"(20, 30]",Xiaomi,MI 2
1096274,-2395598027354045,2016-05-05 17:52:09,75.63121899999999,21.079247,Jalgaon,Maharashtra,M,28,"(20, 30]",Xiaomi,MI 2S
2661834,5038819204287961088,2016-05-03 15:19:22,78.524843,17.417427,Hyderabad,Telangana,M,23,"(20, 30]",Samsung,Galaxy Note 2
2857370,-6289140063501067264,2016-05-02 15:32:18,78.602627,17.447606999999998,Gaddiannaram,AndhraPradesh,M,27,"(20, 30]",Samsung,三星big foot
2458207,-855325566721202304,2016-05-06 17:05:53,74.357632,26.14898,Beawar,Rajasthan,M,32,"(30, 40]",Meizu,魅蓝NOTE
1140679,312118885831037952,2016-05-02 09:23:43,76.797161,30.786873,Chandigarh,Chandigarh,M,43,"(40, 50]",Xiaomi,红米
1106860,-5247738433598738432,2016-05-06 00:30:15,77.649361,12.983788,Bangalore,Karnataka,F,42,"(40, 50]",vivo,Xperia Z Ultra
3062350,366715648984793408,2016-05-07 11:26:46,88.443954,22.997221,Naihati,WestBengal,M,54,"(50, 60]",Huawei,麦芒4
1304661,-71655393066708784,2016-05-04 06:16:30,77.658452,13.018703,Bangalore,Karnataka,M,41,"(40, 50]",OPPO,R6007
3081626,-6295917728964863,2016-05-05 00:39:34,77.64009800000002,13.017163,Bangalore,Karnataka,M,25,"(20, 30]",Xiaomi,MI 2S
1815701,8397324967438210,2016-05-04 00:32:10,88.442674,22.655201,Calcutta,WestBengal,M,25,"(20, 30]",Coolpad,S6
2184400,18082780531730808,2016-05-01 13:22:52,93.824987,25.94612200000001,Dimapur,Nagaland,M,37,"(30, 40]",Samsung,Galaxy Note 2
1217246,-43803635282685096,2016-05-02 02:34:27,77.542287,28.841433,Muradnagar,UttarPradesh,M,31,"(30, 40]",LG,Nexus 5
1164160,-65539372596839592,2016-05-06 21:54:25,75.870742,11.281981,Kozhikkod,Kerala,F,28,"(20, 30]",Huawei,麦芒4
178282,-6482471311505097,2016-05-07 14:32:20,74.78288599999998,19.166978,Ahmadnagar,Maharashtra,M,26,"(20, 30]",Lenovo,9180
2272688,-129538362475784688,2016-05-02 20:22:34,79.361351,20.020904,Chandrapur,Maharashtra,F,25,"(20, 30]",Xiaomi,红米note
1569292,-3917548367689858048,2016-05-05 00:58:03,74.81469399999997,30.048521,Dabwali,Haryana,M,27,"(20, 30]",Samsung,Galaxy S4
2811120,-29767320233837832,2016-05-07 18:50:49,84.17029000000002,25.83537500000001,Ballia,UttarPradesh,M,24,"(20, 30]",Xiaomi,MI 3
159231,1697086779705292288,2016-05-04 20:55:06,78.545824,17.420029,Gaddiannaram,AndhraPradesh,M,38,"(30, 40]",Xiaomi,小米note
10266,22261344324729364,2016-05-02 11:01:39,77.270747,28.716205,Delhi,Delhi,M,62,"(60, 70]",vivo,Y29L
2844841,239987066228519168,2016-05-01 05:10:28,74.65314799999999,28.100721000000004,Ratangarh,Rajasthan,M,41,"(40, 50]",Meizu,魅蓝Note 2
1258940,-16054151557437460,2016-05-04 17:26:24,78.57070900000002,17.455761,Hyderabad,Telangana,M,37,"(30, 40]",Huawei,B199
1282802,-400152486467902784,2016-05-07 12:45:09,78.575182,17.455668,Hyderabad,Telangana,M,25,"(20, 30]",Xiaomi,MI 3
1363866,-40237044703190736,2016-05-06 09:09:44,74.51425499999998,16.727519,Ichalkaranji,Maharashtra,F,27,"(20, 30]",Huawei,Mate 7
846707,-54557875373643336,2016-05-03 13:07:23,78.531637,17.49713,Hyderabad,Telangana,M,30,"(20, 30]",Huawei,C8816
1531194,-168698814396445024,2016-05-05 07:58:10,85.061174,25.639726,Khagaul,Bihar,M,35,"(30, 40]",Meizu,魅蓝NOTE
3134507,17154516926292716,2016-05-02 08:37:58,80.32056399999998,13.176413,Chennai,TamilNadu,M,46,"(40, 50]",Huawei,荣耀3C畅玩版
2526929,4493514298288583,2016-05-07 17:01:14,78.50054800000002,17.471493,Hyderabad,Telangana,M,21,"(20, 30]",Huawei,Mate 7
2638848,315979846106579328,2016-05-04 07:57:39,77.596727,13.041935,Bangalore,Karnataka,M,25,"(20, 30]",Meizu,MX3
2232893,540668460833615872,2016-05-03 10:10:45,78.504046,17.43836,Hyderabad,Telangana,M,31,"(30, 40]",Xiaomi,MI 3
1497276,-4348770308990754304,2016-05-04 08:40:57,86.39967800000002,23.426655,Puruliya,WestBengal,M,29,"(20, 30]",vivo,X5L
1442003,-461266604811288576,2016-05-01 02:43:12,77.632712,12.996943,Bangalore,Karnataka,M,21,"(20, 30]",Meizu,魅蓝2
286548,-710824367236142464,2016-05-05 19:36:12,75.84409699999998,25.276975,Kota,Rajasthan,M,32,"(30, 40]",vivo,X6 D
817829,61046870015553800,2016-05-05 13:47:01,76.89513000000002,30.019446,Thanesar,Haryana,M,45,"(40, 50]",Xiaomi,红米note
876836,279977215790062560,2016-05-02 16:17:08,82.70409699999998,22.440439,Korba,Chhattisgarh,M,22,"(20, 30]",Huawei,Ascend P7
353507,-2996351778418994688,2016-05-06 15:18:42,78.649953,29.372506,Sherkot,UttarPradesh,M,20,"(10, 20]",HTC,T328t
2872038,-1029625144954893824,2016-05-02 07:43:09,75.99472899999998,31.549717,Hoshiarpur,Punjab,F,22,"(20, 30]",Samsung,乐檬K3
2659733,3462086997309544,2016-05-05 14:14:24,94.190182,25.728123,Kohima,Nagaland,M,30,"(20, 30]",Samsung,Galaxy S3
484258,1512377698949104128,2016-05-05 08:39:20,77.63865899999998,12.984553,Bangalore,Karnataka,M,27,"(20, 30]",hammer,T1
535818,5048736344893448,2016-05-07 21:45:14,83.94900200000002,21.899551,Brajrajnagar,Orissa,M,27,"(20, 30]",Samsung,W2014
3131920,1130552261806985088,2016-05-05 06:49:05,78.94792699999998,17.574925,Bhongir,AndhraPradesh,F,35,"(30, 40]",米歌,201
1271849,53335723781836232,2016-05-01 06:39:55,77.01828,29.786127,Karnal,Haryana,F,31,"(30, 40]",HTC,One
2280671,-364685463804302464,2016-05-04 06:44:27,80.366346,13.176682,Chennai,TamilNadu,M,37,"(30, 40]",Samsung,Galaxy Note 2
1718611,-4512513455938934784,2016-05-01 14:41:49,78.567133,17.431012,Hyderabad,Telangana,F,14,"(10, 20]",酷比,S1
2313709,15482957480953850,2016-05-02 04:43:03,78.137528,9.602507,Aruppukkottai,TamilNadu,M,45,"(40, 50]",Xiaomi,MI One Plus
676042,-16815669819753426,2016-05-01 12:20:50,72.521047,22.75502,Dholka,Gujarat,M,32,"(30, 40]",OPPO,R7s
1284706,7584484001799389184,2016-05-02 14:03:49,77.722087,29.04205300000001,Mirat,UttarPradesh,F,28,"(20, 30]",Samsung,Galaxy Note
1360890,-6235307534240718848,2016-05-01 08:34:37,78.534766,17.469735999999994,Hyderabad,Telangana,M,27,"(20, 30]",Coolpad,8720L
1702763,34307547843249796,2016-05-05 01:45:44,80.305561,13.121491,Chennai,TamilNadu,F,34,"(30, 40]",Dove,D350
559730,-145870914270729184,2016-05-01 20:33:55,78.7307,10.909061,Tiruchchirappalli,TamilNadu,F,22,"(20, 30]",Xiaomi,MI 2S
2668716,-21374572659843592,2016-05-05 17:47:04,77.64348000000003,12.986248,Bangalore,Karnataka,M,23,"(20, 30]",Huawei,B199
491757,43072725668512688,2016-05-07 02:38:49,84.975499,26.727641,Motihari,Bihar,F,22,"(20, 30]",Samsung,Galaxy Note 3
1818369,-479132454500793152,2016-05-03 05:15:19,78.378908,17.520456,Serilungampalle,AndhraPradesh,F,23,"(20, 30]",Meizu,魅蓝NOTE
1056116,-1638312930241640960,2016-05-06 22:55:35,77.022503,11.017874,Kurichi,TamilNadu,F,26,"(20, 30]",Samsung,Galaxy S5
1531085,-19560783828619596,2016-05-04 08:38:12,78.57707400000002,17.478968,Hyderabad,Telangana,M,67,"(60, 70]",Xiaomi,MI 4
390579,5682645365807439,2016-05-05 16:21:57,78.102329,9.527481,Aruppukkottai,TamilNadu,M,38,"(30, 40]",Huawei,荣耀畅玩4X
317163,6516157327331974,2016-05-03 19:27:12,88.45038199999998,22.608332,Calcutta,WestBengal,F,23,"(20, 30]",OPPO,R1C
542256,-205602784652797408,2016-05-04 05:25:18,70.342199,21.794952,Upleta,Gujarat,M,37,"(30, 40]",Samsung,Galaxy Note 2
2345609,404900823327954624,2016-05-04 17:42:49,72.98130800000001,20.460355,Vapi,Gujarat,M,32,"(30, 40]",Xiaomi,MI 2A
2824254,1093847982902519808,2016-05-01 09:19:27,80.281319,13.116214,Chennai,TamilNadu,M,21,"(20, 30]",Huawei,荣耀6
1410913,-330988451638199488,2016-05-04 04:13:56,82.09871600000002,26.30938,Sultanpur,UttarPradesh,M,47,"(40, 50]",Coolpad,F2
2510502,5465741433116314,2016-05-07 09:18:41,78.56664599999998,17.467098999999994,Hyderabad,Telangana,M,29,"(20, 30]",Xiaomi,红米note
1931297,-15473502785430788,2016-05-05 11:38:33,80.28193399999998,13.172235999999998,Chennai,TamilNadu,F,21,"(20, 30]",Samsung,A320t
822483,-445869879835986176,2016-05-03 17:52:03,73.38251299999997,25.855511,Pali,Rajasthan,F,66,"(60, 70]",Samsung,A320t
2035715,-13571073824024362,2016-05-03 22:44:11,78.054488,27.225122,Agra,UttarPradesh,M,20,"(10, 20]",Samsung,Galaxy Note Edge
2958567,-12139818851931674,2016-05-06 21:47:15,80.29903900000002,13.159297,Chennai,TamilNadu,M,16,"(10, 20]",Xiaomi,MI 3
1049218,49322038839767680,2016-05-07 02:10:36,82.422504,23.224663,Chirmiri,Chhattisgarh,M,46,"(40, 50]",HTC,Desire 626
2753804,1616761421287057664,2016-05-01 15:24:19,93.514008,25.897486,Diphu,Assam,M,20,"(10, 20]",OPPO,R1
3002911,15286139579988782,2016-05-02 16:04:08,77.645639,13.003489,Bangalore,Karnataka,M,25,"(20, 30]",vivo,X5M
1162082,-33982288800063740,2016-05-06 21:39:35,77.055014,29.027276,Sonipat,Haryana,M,27,"(20, 30]",酷比,H2
1487210,-879938245924624128,2016-05-07 20:36:39,78.55881600000002,17.493281999999994,Hyderabad,Telangana,F,46,"(40, 50]",Lenovo,远航3
1768190,205679329653904000,2016-05-04 09:10:23,77.647278,14.779413,Anantapur,AndhraPradesh,M,30,"(20, 30]",Xiaomi,ELIFE S5.5
1667761,103854962792238224,2016-05-02 07:52:55,80.33618100000002,13.145338,Chennai,TamilNadu,F,30,"(20, 30]",Xiaomi,MI 2S
1765225,516224043795252672,2016-05-07 06:47:49,80.35834100000002,13.133273999999998,Chennai,TamilNadu,M,27,"(20, 30]",OPPO,R7
2000135,-13314724253404850,2016-05-03 15:50:29,77.88371199999997,28.503088,Bulandshahr,UttarPradesh,F,24,"(20, 30]",Huawei,荣耀3C
812461,-240435046716560576,2016-05-06 09:20:22,85.55273100000002,23.707264,Ramgarh,Jharkhand,F,30,"(20, 30]",Huawei,荣耀6
927089,-258158835257519424,2016-05-04 12:41:08,83.05425100000002,17.705705000000005,Anakapalle,AndhraPradesh,F,21,"(20, 30]",Xiaomi,红米note
245939,50366114458478,2016-05-03 08:10:31,88.386448,22.662182,Calcutta,WestBengal,M,20,"(10, 20]",LeEco,超级手机1
2787439,-1025284795963440768,2016-05-01 20:16:20,80.310762,13.169339,Chennai,TamilNadu,M,56,"(50, 60]",Samsung,Galaxy Note 2
2330545,-23366031018699840,2016-05-07 09:08:15,79.548604,19.411107,Kagaznagar,AndhraPradesh,M,22,"(20, 30]",Samsung,Galaxy Note 2
2046740,7276344916981148,2016-05-05 08:13:00,80.30125799999998,26.522963,KanpurCantonment,UttarPradesh,M,33,"(30, 40]",vivo,X5L
1652210,59394614996466872,2016-05-05 01:18:22,88.162124,22.528178,Ulubaria,WestBengal,F,39,"(30, 40]",Xiaomi,红米note
3218507,-217545248833656928,2016-05-06 22:37:49,78.49083800000002,17.444369000000002,Hyderabad,Telangana,M,73,"(70, 80]",vivo,X3L
2142713,-9880976325868200,2016-05-03 06:37:52,78.220617,8.883911999999997,Thuthukkudi,TamilNadu,F,28,"(20, 30]",Samsung,Galaxy S4
1051892,25998715140835504,2016-05-01 21:03:16,79.174448,10.866224,Thanjavur,TamilNadu,F,27,"(20, 30]",Samsung,A880
3086158,90982446876358976,2016-05-04 02:16:48,79.10398699999998,28.042016,Ujhani,UttarPradesh,M,31,"(30, 40]",Xiaomi,MI 2
955370,-1025466934738207744,2016-05-05 11:14:44,78.523852,17.435893,Hyderabad,AndhraPradesh,M,27,"(20, 30]",酷比,H6
2972850,70656543432050648,2016-05-05 12:26:38,76.448886,15.299991,Hospet,Karnataka,M,31,"(30, 40]",Nubia,Z9
530027,329961892095522560,2016-05-04 21:56:46,88.481555,26.75884000000001,Shiliguri,WestBengal,F,31,"(30, 40]",Meizu,MX3
276182,-228846787598753152,2016-05-07 10:32:15,88.413496,22.561318,Chakdaha,WestBengal,F,63,"(60, 70]",Meizu,MX3
1334106,-2734689217401949696,2016-05-05 10:00:05,72.616658,23.056911,Ahmadabad,Gujarat,M,27,"(20, 30]",Huawei,荣耀3X畅玩版
50921,-184459559578718272,2016-05-07 16:35:33,77.040939,20.742026,Akola,Maharashtra,F,24,"(20, 30]",Xiaomi,红米note增强版
1799986,4184872012668940800,2016-05-06 11:12:32,78.883696,18.151226,Siddipet,AndhraPradesh,M,30,"(20, 30]",Xiaomi,红米
1776773,3711361681074975744,2016-05-02 15:54:13,70.861036,22.872394,Morvi,Gujarat,M,31,"(30, 40]",Samsung,Galaxy S6
1608869,3501846588781962240,2016-05-04 13:27:20,72.60735000000003,23.76338100000001,Visnagar,Gujarat,M,28,"(20, 30]",Xiaomi,E5
